{
  "id": "4e73c6b0-cc92-469b-bf9a-09a1bfeed426",
  "name": "FinalProject",
  "values": [
    {
      "key": "user1Token",
      "value": "ya29.GlzQBRNWr2W73FZx_XZmBqqLV97Q7bRfsIW2oo0KNz1wuLoqNJqiLbhHW75VMz9I1x8C2WfQSDngxm4Wh_vXqKfxJtfIgF7BJ_7PvKJ7VDdYGPHA3yxK5B8tidXNYA",
      "enabled": true,
      "type": "text"
    },
    {
      "key": "user2Token",
      "value": "ya29.GlzQBXFJbpnbmblgwNjmOBahSVIYF1-Aufzg0p9FbtzGl9LzxdR-kkwOCvjMCwKLG58v0CJdSY2-Qh-yT7_8TQxfH9UrCUJ2peFZKRFj3yXYSuyV2OTQa6R6J1uxpw",
      "enabled": true,
      "type": "text"
    }
  ],
  "_postman_variable_scope": "environment",
  "_postman_exported_at": "2018-06-04T20:22:37.385Z",
  "_postman_exported_using": "Postman/6.1.3"
}